Player,PlayerID,TeamName,Nationality,AgeDisplay,WageReal,Rating,BatHand,BowlType,SummaryBat,SummaryBowl,SummaryAllr,SummaryKeep,Talent1,Talent2,Batting,Bowling,Keeping,Fielding,Endurance,Technique,Power,Experience,Captaincy,Form,Fatigue,Training,WagePaid,WageDiscount,TeamID,BiddingTeamID,BiddingTeam,NatSquad,Touring,Deadline,CurrentBid,AgeYear,AgeWeeks,AgeValue,CountryOfResidence,DataSeason,DataWeek,DataTimestamp,TrainedThisWeek,TransactionID,TransactionID,Player,PlayerID,FromTeamName,FromTeamID,ToTeamName,ToTeamID,FinalPrice,CompletionTime
Harry Walmsley,2481222,Samakay Tribe-Mali,2,21.01,3043,33969,L,rws,4,7,5,1,Accumulator,None,3,7,1,4,5,8,3,4,4,5,rested,Fielding,3043,0,5854,1647,GingerWarriors,0,0,2024-01-17T05:29:00,1000,21,1,21.066666666666666,7,57,2,2024-01-17T04:32:12,0,e3c5cef1-370b-430c-b910-e293ca9df0a8,e3c5cef1-370b-430c-b910-e293ca9df0a8,Harry Walmsley,2481222,Samakay Tribe-Mali,5854,Ginger Warriors,1647,1000,2024-01-17T05:29:00
Saad Daudpota,2439435,Azeal CC,5,23,5652,44029,R,rws,9,2,3,4,Gifted (Power),None,9,1,4,3,8,9,6,6,3,5,energetic,Batting Technique,5370,0.05,3812,1814,STRIKECOMMANDERS,0,0,2024-01-17T11:19:00,3000,23,0,23,10,57,2,2024-01-17T04:32:12,0,9fd89f94-e800-4fbe-9244-f480a7f1e5a0,9fd89f94-e800-4fbe-9244-f480a7f1e5a0,Saad Daudpota,2439435,Azeal CC,3812,Clipstone CC,3702,4000,2024-01-17T11:19:00
Buddhika Buddhasiri,2589010,Reacher XI,8,16.01,730,20826,R,rfs,2,2,2,3,Gifted (Fielding),Old Ball Bowler,2,3,4,3,2,2,1,1,5,5,rested,Fitness,694,0.05,1850,1263,EastonOwlsCricketClub,0,0,2024-01-17T11:22:00,1000,16,1,16.066666666666666,10,57,2,2024-01-17T04:32:12,1,16e057f8-b10a-410c-8632-852275e384be,16e057f8-b10a-410c-8632-852275e384be,Buddhika Buddhasiri,2589010,Reacher XI,1850,Easton Owls Cricket Club,1263,1000,2024-01-17T11:22:00
Sammie Szmodics,2265693,Silly Mid-Off CC,7,29.07,21369,69233,R,rfs,6,13,7,4,Gifted (Keeping),Slower Ball,3,12,3,12,12,13,12,14,10,5,energetic,Strength,20301,0.05,6050,1619,KRISPLAY11,0,0,2024-01-18T14:30:00,36748,29,7,29.466666666666665,7,57,2,2024-01-18T14:11:07,1,0f2a9f1a-64e2-4866-b00b-9be8d28f221f,0f2a9f1a-64e2-4866-b00b-9be8d28f221f,Sammie Szmodics,2265693,Silly Mid-Off CC,6050,Trevor Francis Tracksuit,1193,183822,2024-01-18T14:41:00
Henry McAllister,2589590,matchfixer,4,16,667,19219,R,rfs,2,2,2,0,Skilled (Power),Gifted (Fielding),3,2,0,3,3,3,1,1,4,5,rested,All-rounder,634,0.05,830,-1,(opening),0,0,2024-01-18T15:10:00,0,16,0,16,7,57,2,2024-01-18T14:11:07,1,fb8e0f21-dd8e-4429-86f3-da59b0e1b8f3,fb8e0f21-dd8e-4429-86f3-da59b0e1b8f3,Henry McAllister,2589590,matchfixer,830,(did not sell),-1,-1,1970-01-01T00:00:00
Bennett Allitt,2483163,Staindrop Village CC,2,20.14,7216,43459,R,lm,5,8,6,3,Safe Hands,None,4,10,2,7,5,10,2,5,7,5,revived,Bowling Technique,7072,0.02,1514,-1,(opening),0,0,2024-01-18T17:34:00,0,20,14,20.933333333333334,18,57,2,2024-01-18T16:17:06,1,b04a4c1a-e7f2-4979-85b4-952181ae28be,b04a4c1a-e7f2-4979-85b4-952181ae28be,Bennett Allitt,2483163,Staindrop Village CC,1514,(did not sell),-1,-1,1970-01-01T00:00:00
Sajedul Kabir,2554450,Glen Fruin,9,17.1,1458,28230,L,rm,5,3,4,2,Skilled (Bowling),None,6,3,2,4,2,5,4,2,4,5,rested,Batting Technique,1386,0.05,5664,1389,HoardersCC,0,0,2024-01-18T19:21:00,9888,17,1,17.066666666666666,14,57,2,2024-01-18T17:58:07,1,56cf3440-8e19-49db-87ad-a947223550d9,56cf3440-8e19-49db-87ad-a947223550d9,Sajedul Kabir,2554450,Glen Fruin,5664,Hoarders CC,1389,11888,2024-01-18T19:21:00
Ger MacDermott,2483018,The Chumps CC,15,20.14,6890,35421,R,rm,2,7,3,2,Skilled (Keeping),Prodigy,1,10,2,3,6,9,1,2,5,5,revived,Fitness,6890,0,1896,-1,(opening),0,0,2024-01-18T21:33:00,0,20,14,20.933333333333334,2,57,2,2024-01-18T19:19:06,1,5583a7ed-832d-43a5-9a27-361498e090c9,5583a7ed-832d-43a5-9a27-361498e090c9,Ger MacDermott,2483018,The Chumps CC,1896,(did not sell),-1,-1,1970-01-01T00:00:00
Daz Toole,2482299,JUNO,1,21,5867,38117,R,rf,4,8,5,1,Gifted (Bowling),New Ball Bowler,3,10,0,7,4,9,2,6,5,5,rested,Fielding,5457,0.07,1437,-1,(opening),0,0,2024-01-19T03:02:00,175000,21,0,21,14,57,2,2024-01-19T02:30:06,1,4f6d2fcb-d899-42be-9bbb-722f3eb1ba05,4f6d2fcb-d899-42be-9bbb-722f3eb1ba05,Daz Toole,2482299,JUNO,1437,The Krack'd,1340,175000,2024-01-19T03:14:00
Chamindra Weerakkody,2482266,3301,8,21,6187,42716,L,rfs,4,10,5,3,Old Ball Bowler,None,2,9,2,7,5,10,4,5,4,6,rested,Bowling Technique,5754,0.07,2146,1840,JokerLeagueOfAnarchy,0,0,2024-01-19T08:28:00,30000,21,0,21,7,57,2,2024-01-19T02:30:06,1,85188820-a986-4f26-b200-f4e0ec2f0756,85188820-a986-4f26-b200-f4e0ec2f0756,Chamindra Weerakkody,2482266,3301,2146,Joker League Of Anarchy,1840,30000,2024-01-19T08:28:00
Ewout van Haaren,2573498,Bats11DoesntBowl,18,16.11,526,15786,R,rfs,2,1,2,0,Spin Specialist,None,2,2,0,2,2,3,1,1,1,5,rested,Batting Technique,500,0.05,4413,-1,(opening),0,0,2024-01-19T09:06:00,0,16,11,16.733333333333334,1,57,2,2024-01-19T09:03:06,1,9453e908-caf6-4068-8656-6a845205ac8a,9453e908-caf6-4068-8656-6a845205ac8a,Ewout van Haaren,2573498,Bats11DoesntBowl,4413,(did not sell),-1,-1,1970-01-01T00:00:00
Kevin Christiani,2259359,Ceylonian Blasters,7,29.11,31030,68308,R,rf,5,13,6,2,Accumulator,None,2,13,2,10,13,12,13,15,6,5,passable,Fitness,29479,0.05,3368,3677,Revolution,1,0,2024-01-19T16:52:00,171085,29,11,29.733333333333334,8,57,2,2024-01-19T13:18:06,1,fbc96315-f720-451d-b742-0a5be3142c77,fbc96315-f720-451d-b742-0a5be3142c77,Kevin Christiani,2259359,Ceylonian Blasters,3368,Hassanites,823,432309,2024-01-19T16:54:00
Nikolas Meeks,2191157,Stirling CC,11,32.03,16873,63080,L,rfs,12,2,3,5,Accumulator,None,11,1,4,10,12,12,11,15,4,5,energetic,Batting,16030,0.05,5767,-1,(opening),0,0,2024-01-19T17:19:00,0,32,3,32.2,14,57,2,2024-01-19T13:18:06,1,151f386a-b416-463d-9c42-51195bbf31a2,151f386a-b416-463d-9c42-51195bbf31a2,Nikolas Meeks,2191157,Stirling CC,5767,(did not sell),-1,-1,1970-01-01T00:00:00
Jaleel Karim,2587875,Gojra Gators,5,16.01,634,17539,L,rfm,2,2,2,1,Swing,None,1,3,1,3,1,3,2,1,6,5,rested,Fielding,603,0.05,3799,3007,HyderabadRovers,0,0,2024-01-19T17:35:00,5000,16,1,16.066666666666666,5,57,2,2024-01-19T13:18:06,1,1fc90664-aa08-423a-83a2-ed2c7de79c37,1fc90664-aa08-423a-83a2-ed2c7de79c37,Jaleel Karim,2587875,Gojra Gators,3799,Hyderabad Rovers,1812,5000,2024-01-19T17:35:00
Aftab Shazada,2175716,Telangana Chargers,9,32.13,18372,59988,R,rf,3,12,4,0,Gifted (Bowling),None,1,12,0,9,11,11,12,15,1,5,rested,Bowling Technique,18372,0,1075,1812,RainworthCricketClub,0,0,2024-01-19T17:44:00,1000,32,13,32.86666666666667,3,57,2,2024-01-19T13:18:06,1,c9e05292-4bd4-4e37-8b23-68e248c15f1b,c9e05292-4bd4-4e37-8b23-68e248c15f1b,Aftab Shazada,2175716,Telangana Chargers,1075,Rainworth Cricket Club,5099,19000,2024-01-19T17:47:00
Lisle Michael,2229554,Pembina Norseman,2,30.13,13003,60682,R,lfs,11,11,11,2,Gifted (Bowling),None,8,9,1,8,10,11,8,13,3,5,energetic,Bowling,12353,0.05,3201,-1,(opening),0,0,2024-01-20T01:02:00,0,30,13,30.866666666666667,4,57,2,2024-01-19T21:20:06,1,9ab025df-d531-4b67-a741-62c36fe49aea,9ab025df-d531-4b67-a741-62c36fe49aea,Lisle Michael,2229554,Pembina Norseman,3201,(did not sell),-1,-1,1970-01-01T00:00:00
Calder Adamson,2417036,Sundance Academy,14,23.14,11033,54183,L,rfs,4,10,5,4,Natural Leader,None,2,11,3,11,9,11,5,5,5,5,rested,Bowling,10482,0.05,4940,-1,(opening),0,0,2024-01-20T08:25:00,200000,23,14,23.933333333333334,14,57,2,2024-01-20T05:39:06,1,32e9dd05-6f9f-401d-942d-2e602fbe785a,32e9dd05-6f9f-401d-942d-2e602fbe785a,Calder Adamson,2417036,Sundance Academy,4940,(did not sell),-1,-1,1970-01-01T00:00:00
Henry Aitken,2243546,Sundance Academy,14,30.04,19013,56975,R,rfs,4,12,5,2,Gifted (Technique),None,1,12,2,11,9,12,6,10,3,5,rested,Fielding,17873,0.06,4940,3702,ClipstoneCC,0,0,2024-01-20T08:25:00,1000,30,4,30.266666666666666,14,57,2,2024-01-20T05:39:06,1,59fb549b-9fd6-42fe-887b-a9332b35297d,59fb549b-9fd6-42fe-887b-a9332b35297d,Henry Aitken,2243546,Sundance Academy,4940,Clipstone CC,3702,1000,2024-01-20T08:25:00
Ivor Duffy,2590000,Blwe Scavengerz,15,16,840,19570,R,rf,1,3,2,1,Gifted (Bowling),Bouncer,1,5,1,1,4,2,3,2,2,5,rested,Fielding,798,0.05,3187,-1,(opening),0,0,2024-01-20T11:52:00,200000,16,0,16,15,57,2,2024-01-20T05:39:06,1,fef2d82b-f41a-4a0d-b863-860c42b0db6e,fef2d82b-f41a-4a0d-b863-860c42b0db6e,Ivor Duffy,2590000,Blwe Scavengerz,3187,(did not sell),-1,-1,1970-01-01T00:00:00
Wendell Colreavy,2403868,Vivi,6,24.08,12305,58468,L,rf,5,11,6,4,Bouncer,Gifted (Power),2,11,3,10,9,11,10,9,3,6,passable,Bowling,11813,0.04,4350,4664,HautapuHopefools,0,0,2024-01-20T12:26:00,364651,24,8,24.533333333333335,2,57,2,2024-01-20T05:39:06,1,d68cc7a1-8965-46cf-9689-1f1f380385d2,d68cc7a1-8965-46cf-9689-1f1f380385d2,Wendell Colreavy,2403868,Vivi,4350,Hautapu Hopefools,4664,488664,2024-01-20T12:26:00
Adam Agnew,2558491,Unicorns,15,17.07,1454,30654,R,rfm,4,2,3,1,Gifted (Endurance),Seam Specialist,5,2,1,8,4,5,3,2,3,5,rested,Batting,1382,0.05,1549,3702,TorquayTigers,0,0,2024-01-21T07:50:00,66481,17,7,17.466666666666665,14,57,2,2024-01-21T04:26:06,1,61732b2d-3559-4b0c-b8c6-3c457ef4f78c,61732b2d-3559-4b0c-b8c6-3c457ef4f78c,Adam Agnew,2558491,Unicorns,1549,The Belters CC,2018,69805,2024-01-21T07:50:00
Jagath Irandika,2403041,Armstrong 13's,8,24.08,17385,53174,L,rm,4,11,5,2,Swing,None,2,12,2,12,7,12,4,9,5,5,energetic,Bowling,17385,0,3819,3512,WINCavelliers,0,0,2024-01-21T08:09:00,29672,24,8,24.533333333333335,9,57,2,2024-01-21T04:26:06,1,82072116-cc7a-4612-bc72-fdf826bb9ca3,82072116-cc7a-4612-bc72-fdf826bb9ca3,Jagath Irandika,2403041,Armstrong 13's,3819,WIN Cavelliers,1113,80677,2024-01-21T08:09:00
Hugh Norman,2570553,Victory_Veer_USA@86,12,16.13,569,15441,R,rfm,2,2,2,1,Skilled (Bowling),None,2,2,1,2,1,3,0,1,3,5,rested,Batting,541,0.05,991,-1,(opening),0,0,2024-01-21T09:19:00,0,16,13,16.866666666666667,5,57,2,2024-01-21T09:12:03,1,2af36833-1b46-4568-8626-d0f1f8c8511c,2af36833-1b46-4568-8626-d0f1f8c8511c,Hugh Norman,2570553,Victory_Veer_USA@86,991,(did not sell),-1,-1,1970-01-01T00:00:00
Wallace Simmons,2578475,Victory_Veer_USA@86,12,16.08,656,17866,L,rm,2,2,2,0,Gifted (Fielding),None,2,3,1,1,3,2,2,1,5,5,rested,Bowling Technique,624,0.05,991,-1,(opening),0,0,2024-01-21T09:21:00,0,16,8,16.533333333333335,5,57,2,2024-01-21T09:12:03,1,933be2fd-2ccd-489b-a5bf-8a1800278543,933be2fd-2ccd-489b-a5bf-8a1800278543,Wallace Simmons,2578475,Victory_Veer_USA@86,991,(did not sell),-1,-1,1970-01-01T00:00:00
Reinoud Doutzenberg,2493825,Pitch Siders,18,20.06,3843,35718,R,rfs,4,8,5,1,Gifted (Technique),None,2,9,1,3,5,7,4,4,6,5,rested,Bowling,3574,0.07,5825,4285,TorquayTigers,0,0,2024-01-21T12:23:00,4000,20,6,20.4,18,57,2,2024-01-21T11:13:06,1,657d14b9-73e2-4375-b51b-99c5affaca10,657d14b9-73e2-4375-b51b-99c5affaca10,Reinoud Doutzenberg,2493825,Pitch Siders,5825,Rainworth Cricket Club,5099,5000,2024-01-21T12:23:00
Jayalath Lakshman,2483566,Middlesex Gurus,8,20.14,5827,36021,L,rm,8,1,1,2,Gifted (Batting),None,9,1,1,6,6,9,0,4,5,5,rested,Batting Technique,5711,0.02,5064,-1,(opening),0,0,2024-01-21T15:19:00,0,20,14,20.933333333333334,2,57,2,2024-01-21T13:22:03,1,145ab89c-50bb-4995-abe1-ecbb8d67c69b,145ab89c-50bb-4995-abe1-ecbb8d67c69b,Jayalath Lakshman,2483566,Middlesex Gurus,5064,(did not sell),-1,-1,1970-01-01T00:00:00
Uday Rawant,2570371,Welsh Fire,9,16.14,907,26328,R,rm,3,3,3,2,Boundary Hitter,None,3,3,2,5,3,3,4,1,2,5,rested,Batting,907,0,1811,4353,DrunkenJatts,0,0,2024-01-21T21:32:00,1000,16,14,16.933333333333334,9,57,2,2024-01-21T15:17:06,1,c4d8fcfa-2f46-4a40-8f17-010ef87fb36b,c4d8fcfa-2f46-4a40-8f17-010ef87fb36b,Uday Rawant,2570371,Welsh Fire,1811,Warringshire CC,3140,12000,2024-01-21T21:32:00
Githinji Babu,2451512,Mbeya C.C.,13,22.09,5447,38823,L,rfm,2,8,3,0,Skilled (Keeping),None,1,9,0,7,4,10,6,4,7,5,rested,Bowling,5012,0.08,6084,-1,(opening),0,0,2024-01-21T23:39:00,5000,22,9,22.6,10,57,2,2024-01-21T22:57:06,1,1da9728c-198a-442b-bf65-c0d5d6d0f905,1da9728c-198a-442b-bf65-c0d5d6d0f905,Githinji Babu,2451512,Mbeya C.C.,6084,(did not sell),-1,-1,1970-01-01T00:00:00
Melvin Ross,2431613,Xessux Club,12,23.05,6945,46315,R,rfs,4,10,5,4,Skilled (Power),None,2,9,4,4,6,10,8,6,4,5,rested,Bowling Technique,6598,0.05,759,-1,(opening),0,0,2024-01-22T06:55:00,0,23,5,23.333333333333332,15,57,2,2024-01-21T22:57:06,1,a3dc513a-14ea-427d-87a2-1b79e6a0ba70,a3dc513a-14ea-427d-87a2-1b79e6a0ba70,Melvin Ross,2431613,Xessux Club,759,(did not sell),-1,-1,1970-01-01T00:00:00
Harvey van der Bergh,2389052,Torquay Tigers,10,25.02,10408,51370,R,rws,10,3,4,2,Gifted (Power),None,11,2,2,10,8,10,6,7,6,5,passable,Strength,10408,0,4285,3680,CheekyMonkeyClub,0,0,2024-01-22T09:51:00,15000,25,2,25.133333333333333,11,57,3,2024-01-22T08:37:06,0,0acfa89b-2493-45bc-84d2-d09dbe888322,0acfa89b-2493-45bc-84d2-d09dbe888322,Harvey van der Bergh,2389052,Torquay Tigers,4285,Cheeky Monkey Club,3680,15000,2024-01-22T09:51:00
Dawie Gericke,2462784,Danefieldshire,6,22,12640,44847,R,rfm,3,1,2,10,Old Ball Bowler,Opener,2,1,14,9,6,6,4,4,4,5,rested,Keeping,12008,0.05,4616,-1,(opening),0,0,2024-01-22T17:46:00,0,22,0,22,18,57,3,2024-01-22T15:35:06,0,7fe2462e-1f16-41ac-9ba6-a672f05953be,7fe2462e-1f16-41ac-9ba6-a672f05953be,Dawie Gericke,2462784,Danefieldshire,4616,(did not sell),-1,-1,1970-01-01T00:00:00
Emmet Newton,2589223,Riddlers,2,16.01,1074,23510,R,rm,2,3,3,3,Boundary Hitter,None,4,4,3,3,2,2,2,1,4,5,rested,Fielding,1021,0.05,4425,-1,(opening),0,0,2024-01-22T17:48:00,35000,16,1,16.066666666666666,3,57,3,2024-01-22T15:35:06,1,a65342c2-7450-4c2a-8901-0a125438b888,a65342c2-7450-4c2a-8901-0a125438b888,Emmet Newton,2589223,Riddlers,4425,Hyderabad Badshas,5237,35000,2024-01-22T17:48:00
Kanaka Demunhewayn,2578870,Wolfpack: $ V Gonna Rock $,8,16.09,741,22818,R,rfs,3,2,3,2,Boundary Hitter,None,4,2,3,2,2,3,4,2,6,5,rested,Batting Technique,704,0.05,3936,-1,(opening),0,0,2024-01-23T06:48:00,20000,16,9,16.6,8,57,3,2024-01-23T03:54:07,1,813652a7-bf37-4615-8f55-e6145e37ab52,813652a7-bf37-4615-8f55-e6145e37ab52,Kanaka Demunhewayn,2578870,Wolfpack: $ V Gonna Rock $,3936,ANDREW SYMONDS XI,623,9999,2024-01-27T07:37:00
Ashish Niranjan,2572371,Wolfpack: $ V Gonna Rock $,9,16.13,863,21241,R,rf,1,4,2,0,Skilled (Bowling),Opener,0,5,0,3,3,3,4,1,4,5,rested,Fielding,820,0.05,3936,1874,amsterdammer,0,0,2024-01-23T07:11:00,30000,16,13,16.866666666666667,8,57,3,2024-01-23T03:54:07,1,79ace786-61f3-43a5-a63b-523128b6ac1b,79ace786-61f3-43a5-a63b-523128b6ac1b,Ashish Niranjan,2572371,Wolfpack: $ V Gonna Rock $,3936,amsterdammer,1874,30000,2024-01-23T07:11:00
Jaideep Virmani,2585740,KingsXI,3,26.04,2410,35733,L,rm,3,6,4,2,Accumulator,None,1,7,2,7,5,6,4,4,6,5,rested,Bowling,2290,0.05,2336,-1,(opening),0,0,2024-01-23T07:39:00,0,26,4,26.266666666666666,3,57,3,2024-01-23T03:54:07,0,e45585e2-22ce-4485-93e1-00d4dd31869f,e45585e2-22ce-4485-93e1-00d4dd31869f,Jaideep Virmani,2585740,KingsXI,2336,(did not sell),-1,-1,1970-01-01T00:00:00
Keshav Shahu,2585747,KingsXI,3,21.04,2154,35277,L,rm,6,2,3,2,Accumulator,None,6,2,1,6,7,7,2,3,4,5,rested,Batting Technique,2047,0.05,2336,4949,IndianAvengers,0,0,2024-01-23T07:40:00,1000,21,4,21.266666666666666,3,57,3,2024-01-23T03:54:07,0,807b3c96-db7a-41b8-bf24-ceb3ae385aeb,807b3c96-db7a-41b8-bf24-ceb3ae385aeb,Keshav Shahu,2585747,KingsXI,2336,Indian Avengers,4949,1000,2024-01-23T07:40:00
Lester Williams,2589500,The Nigiro,7,16.01,677,19718,R,rm,2,2,2,1,Gifted (Power),None,2,4,1,3,3,2,2,1,4,5,rested,Bowling Technique,644,0.05,1328,-1,(opening),0,0,2024-01-23T12:36:00,0,16,1,16.066666666666666,10,57,3,2024-01-23T03:54:07,1,e2b9746f-5a93-4421-8fd5-100e2fa3561f,e2b9746f-5a93-4421-8fd5-100e2fa3561f,Lester Williams,2589500,The Nigiro,1328,(did not sell),-1,-1,1970-01-01T00:00:00
Henry Fiebig,2587571,Wrenthorpedoes,2,19.03,800,17894,R,rm,2,3,2,1,Skilled (Technique),None,1,3,1,2,3,3,2,3,4,5,rested,Bowling Technique,800,0,6222,-1,(opening),0,0,2024-01-23T15:35:00,0,19,3,19.2,2,57,3,2024-01-23T12:35:06,1,3a1c0433-f38d-4ac7-8fdf-62ee2edd5a2e,3a1c0433-f38d-4ac7-8fdf-62ee2edd5a2e,Henry Fiebig,2587571,Wrenthorpedoes,6222,(did not sell),-1,-1,1970-01-01T00:00:00
Donald Austin,2560490,Scotch Bonnets,17,18.07,1074,26334,R,rfs,2,4,2,3,Doosra,None,1,4,3,4,3,5,2,2,4,5,rested,Fielding,1021,0.05,2103,-1,(opening),0,0,2024-01-23T15:58:00,2000,18,7,18.466666666666665,7,57,3,2024-01-23T12:35:06,1,8b0fada9-727b-4400-9eb9-0374bc59e937,8b0fada9-727b-4400-9eb9-0374bc59e937,Donald Austin,2560490,Scotch Bonnets,2103,(did not sell),-1,-1,1970-01-01T00:00:00
Lodewijk Flens,2296604,Boscorp Cross XI,18,28.08,25629,61532,R,rfs,4,13,5,3,Skilled (Bowling),Prodigy,2,13,2,12,12,13,5,11,3,5,revived,Strength,24348,0.05,3600,-1,(opening),0,0,2024-01-23T23:21:00,250000,28,8,28.533333333333335,6,57,3,2024-01-23T12:35:06,0,1a8dfb2d-a47e-45a6-b5e9-90055a6444b1,1a8dfb2d-a47e-45a6-b5e9-90055a6444b1,Lodewijk Flens,2296604,Boscorp Cross XI,3600,(did not sell),-1,-1,1970-01-01T00:00:00
Jeremy Adcock,2288638,Levenside Classics,10,28.13,22061,63491,R,rm,13,2,3,3,Skilled (Technique),None,12,1,2,11,11,12,11,12,9,5,moderate,Batting,22061,0,3615,3229,jonty'sfireballs,0,0,2024-01-24T11:12:00,170000,28,13,28.866666666666667,14,57,3,2024-01-24T00:55:06,0,c9098da9-f4fe-43dd-b6b5-8b33db65be65,c9098da9-f4fe-43dd-b6b5-8b33db65be65,Jeremy Adcock,2288638,Levenside Classics,3615,jonty's fireballs,3229,170000,2024-01-24T11:12:00
Rodney Majange,2576777,Two Star CC,10,16.1,1029,22453,R,lfm,2,3,3,3,Gifted (Bowling),None,3,4,4,2,2,3,1,2,5,5,rested,Fielding,978,0.05,4835,-1,(opening),0,0,2024-01-24T15:54:00,0,16,1,16.066666666666666,2,57,3,2024-01-24T11:31:06,1,ddc79b3e-92cf-41b6-8c94-c0a6a777b352,ddc79b3e-92cf-41b6-8c94-c0a6a777b352,Rodney Majange,2576777,Two Star CC,4835,(did not sell),-1,-1,1970-01-01T00:00:00
Albert Zwaferink,2215710,The Myldinal Squad,18,31.06,21511,63952,R,rfm,13,2,2,3,Prodigy,None,12,1,2,11,11,11,12,15,9,5,rested,Batting,20436,0.05,5175,3543,Pedagogs,0,0,2024-01-24T17:32:00,7000,31,6,31.4,4,57,3,2024-01-24T15:57:06,0,b94a6dd2-cc55-4f8f-b8cf-f3e13c7d1db6,b94a6dd2-cc55-4f8f-b8cf-f3e13c7d1db6,Albert Zwaferink,2215710,The Myldinal Squad,5175,Trevor Francis Tracksuit,1193,35914,2024-01-24T17:37:00
Lyndon Falconer,2484957,Dead Stroker,1,20.14,3827,35727,R,rm,7,1,1,2,Gifted (Fielding),Skilled (Batting),9,0,2,6,5,7,3,2,5,5,rested,Strength,3789,0.01,3726,-1,(opening),0,0,2024-01-24T18:20:00,20000,20,14,20.933333333333334,5,57,3,2024-01-24T15:57:06,1,c6b9c63a-9ce6-4f6a-9465-fb7a4a39fb02,c6b9c63a-9ce6-4f6a-9465-fb7a4a39fb02,Lyndon Falconer,2484957,Dead Stroker,3726,(did not sell),-1,-1,1970-01-01T00:00:00
Fadi Khayr,2546514,Illawarra Dragons CC,16,18.01,2044,32942,L,rm,5,5,5,2,Slower Ball,None,6,6,2,5,4,6,2,3,2,6,rested,All-rounder,1942,0.05,1464,-1,(opening),0,0,2024-01-24T23:25:00,270000,18,1,18.066666666666666,6,57,3,2024-01-24T23:17:06,1,a6a53a65-70b5-469b-bb8a-515a452afc3b,a6a53a65-70b5-469b-bb8a-515a452afc3b,Fadi Khayr,2546514,Illawarra Dragons CC,1464,(did not sell),-1,-1,1970-01-01T00:00:00
Llewellyn Badger,2523489,Illawarra Dragons CC,4,19.02,3216,35643,R,lws,6,7,6,1,Gifted (Fielding),None,6,7,1,5,3,8,2,3,4,5,revived,Bowling,3184,0.01,1464,-1,(opening),0,0,2024-01-24T23:26:00,370000,19,2,19.133333333333333,6,57,3,2024-01-24T23:17:06,1,515406e4-a6d6-42a6-b901-ae0c1b209b83,515406e4-a6d6-42a6-b901-ae0c1b209b83,Llewellyn Badger,2523489,Illawarra Dragons CC,1464,(did not sell),-1,-1,1970-01-01T00:00:00
John wa Kitonga,2340181,Red Rowdies,13,27,12930,51923,R,rfs,4,11,5,1,Gifted (Technique),Skilled (Technique),2,11,0,8,9,12,7,6,5,5,energetic,Fielding,12284,0.05,271,2228,HarrysXI,0,0,2024-01-25T00:15:00,1000,27,0,27,1,57,3,2024-01-24T23:17:06,1,707aeea1-2e96-4990-9a8a-ee9733309c66,707aeea1-2e96-4990-9a8a-ee9733309c66,John wa Kitonga,2340181,Red Rowdies,271,HarrysXI,2228,1000,2024-01-25T00:15:00
Sudeep Patankar,2590566,Mongoose XI,9,16,625,15498,R,rm,2,1,2,1,Skilled (Batting),None,3,2,1,1,1,1,3,1,5,5,rested,Fielding,594,0.05,3080,-1,(opening),0,0,2024-01-25T02:01:00,0,16,0,16,9,57,3,2024-01-25T00:28:06,1,2244aadc-9726-43d2-aa96-4f6f954402f0,2244aadc-9726-43d2-aa96-4f6f954402f0,Sudeep Patankar,2590566,Mongoose XI,3080,(did not sell),-1,-1,1970-01-01T00:00:00
Roy Ferguson,2219633,UNION CRICKET,14,31.04,21110,63416,R,lm,7,13,9,2,Prodigy,None,4,12,1,9,11,12,11,13,5,6,satisfactory,Bowling,20688,0.02,2209,2228,HarrysXI,0,0,2024-01-25T04:00:00,1000,31,4,31.266666666666666,3,57,3,2024-01-25T02:42:06,1,b56543e6-5377-4080-bdb2-1dc5da0362e4,b56543e6-5377-4080-bdb2-1dc5da0362e4,Roy Ferguson,2219633,UNION CRICKET,2209,HarrysXI,2228,1000,2024-01-25T04:00:00
Matty Tschirpig,2259215,Babylon Fire,1,29.12,21256,61557,R,lm,5,12,6,2,Sturdy,Yorker,2,12,2,8,10,12,12,9,4,5,revived,Bowling,20406,0.04,3729,-1,(opening),0,0,2024-01-25T04:30:00,0,29,12,29.8,5,57,3,2024-01-25T04:02:06,1,c55212e9-4266-459b-a445-64f15b02fb6d,c55212e9-4266-459b-a445-64f15b02fb6d,Matty Tschirpig,2259215,Babylon Fire,3729,(did not sell),-1,-1,1970-01-01T00:00:00
Dave Robinson,2504232,Summit Rangers,15,20,5747,37716,R,lfs,8,2,2,2,Prodigy,Skilled (Bowling),10,1,2,7,3,9,2,3,5,5,rested,Batting Technique,5460,0.05,4002,-1,(opening),0,0,2024-01-25T06:26:00,350000,20,0,20,8,57,3,2024-01-25T05:21:06,1,45a40960-7bf3-44c4-8f73-6e208f90bb6b,45a40960-7bf3-44c4-8f73-6e208f90bb6b,Dave Robinson,2504232,Summit Rangers,4002,(did not sell),-1,-1,1970-01-01T00:00:00
William Botha,2469023,GC Cobras CC,6,21.1,5642,41457,L,rfs,8,3,4,2,Prodigy,None,9,2,1,8,6,9,3,4,2,5,rested,Batting,5360,0.05,1088,-1,(opening),0,0,2024-01-25T07:51:00,0,21,1,21.066666666666666,6,57,3,2024-01-25T07:07:06,1,bf89e1b2-3b5a-4d88-8ba2-62c80e45f695,bf89e1b2-3b5a-4d88-8ba2-62c80e45f695,William Botha,2469023,GC Cobras CC,1088,(did not sell),-1,-1,1970-01-01T00:00:00
Bipul Tendulkar,2589058,Bailey,9,16.01,867,24892,L,rfs,3,3,3,3,Prodigy,Sturdy,3,3,3,3,3,2,4,2,1,5,rested,Fielding,824,0.05,1961,2104,KarachiOsmani,0,0,2024-01-25T08:55:00,33570,16,1,16.066666666666666,4,57,3,2024-01-25T08:29:15,1,169d3e5e-428b-42ed-9cfb-161d6ec0c923,169d3e5e-428b-42ed-9cfb-161d6ec0c923,Bipul Tendulkar,2589058,Bailey,1961,Earthlings XI,4496,35248,2024-01-25T08:55:00
Iain Coleman,2258400,Dingo Town,15,29.11,19010,62051,R,lm,12,2,2,2,Prodigy,None,12,1,1,9,12,12,11,13,1,5,rested,Fielding,19010,0,143,561,HotShotsCC,0,0,2024-01-25T09:16:00,6000,29,11,29.733333333333334,5,57,3,2024-01-25T09:11:03,1,145021a1-27ca-4303-a6a3-25938bde5a8c,145021a1-27ca-4303-a6a3-25938bde5a8c,Iain Coleman,2258400,Dingo Town,143,Hot Shots CC,561,6000,2024-01-25T09:16:00
Frankie Bell,2257763,Nutwood Lions,2,29.13,11742,52086,L,rm,9,2,3,9,Natural Leader,None,9,2,12,5,6,11,4,3,8,5,revived,Keeper-Batsman,11155,0.05,5275,-1,(opening),0,0,2024-01-25T09:30:00,0,29,13,29.866666666666667,2,57,3,2024-01-25T09:11:03,1,6fa263b0-3c4b-47d6-8562-5159d32d09e3,6fa263b0-3c4b-47d6-8562-5159d32d09e3,Frankie Bell,2257763,Nutwood Lions,5275,(did not sell),-1,-1,1970-01-01T00:00:00
Babiya Lilly,2409501,Blue Royster Cult,8,24.05,11079,47733,R,rm,10,2,2,3,Gifted (Endurance),None,11,1,3,7,8,10,5,6,5,5,passable,Batting,10082,0.09,2253,607,HarrysXI,0,0,2024-01-25T09:30:00,1000,24,5,24.333333333333332,2,57,3,2024-01-25T09:11:03,1,536bd436-edf0-4aa7-a32e-d16a51e1b006,536bd436-edf0-4aa7-a32e-d16a51e1b006,Babiya Lilly,2409501,Blue Royster Cult,2253,HarrysXI,2228,1000,2024-01-25T09:30:00
Lincoln Mackie,2588850,The Fellowship of the Wings,1,25.02,2392,33595,R,rfm,4,6,5,0,Gifted (Batting),None,2,6,0,5,6,7,3,5,6,5,rested,Strength,2273,0.05,2232,-1,(opening),0,0,2024-01-25T11:20:00,0,25,2,25.133333333333333,1,57,3,2024-01-25T09:34:02,1,9baa64e2-07d7-424c-ab4a-282f9cf296bd,9baa64e2-07d7-424c-ab4a-282f9cf296bd,Lincoln Mackie,2588850,The Fellowship of the Wings,2232,(did not sell),-1,-1,1970-01-01T00:00:00
Arif Abdulah,2590923,Ashburn CC,16,16,695,20836,R,rfs,2,2,2,2,Safe Hands,None,2,3,2,3,2,1,3,2,4,5,rested,Fitness,661,0.05,993,-1,(opening),0,0,2024-01-25T11:49:00,0,16,0,16,15,57,3,2024-01-25T11:28:06,1,576ed76d-1413-46cb-9262-00ff3b4ab062,576ed76d-1413-46cb-9262-00ff3b4ab062,Arif Abdulah,2590923,Ashburn CC,993,Schweddy Balls,160,1000,2024-01-25T11:49:00
James Hartman,2504766,Dorothy Dix,7,20,2868,38440,L,rm,7,2,2,3,Gifted (Batting),None,7,1,3,8,4,8,3,4,7,5,rested,Batting Technique,2725,0.05,2097,3262,Sunrise,0,0,2024-01-25T12:22:00,16000,20,0,20,7,57,3,2024-01-25T12:13:03,1,06931c82-9a47-430d-9220-95c24590e826,06931c82-9a47-430d-9220-95c24590e826,James Hartman,2504766,Dorothy Dix,2097,Sunrise,3262,35913,2024-01-25T12:24:00
Nirmala Nelson,2429072,Aklavik XI,8,23.07,8097,51389,R,lm,7,9,8,3,Gifted (Bowling),Skilled (Keeping),6,10,2,11,6,10,4,8,9,5,satisfactory,Batting,7693,0.05,4593,-1,(opening),0,0,2024-01-25T13:42:00,0,23,7,23.466666666666665,11,57,3,2024-01-25T12:49:04,1,c225e5f6-9ede-4191-897d-3ea1d8c8f5af,c225e5f6-9ede-4191-897d-3ea1d8c8f5af,Nirmala Nelson,2429072,Aklavik XI,4593,(did not sell),-1,-1,1970-01-01T00:00:00
Milind Bedi,2284941,NIHO WARRIORS,3,29.01,13964,56355,R,rm,9,10,10,4,Spin Specialist,None,7,10,3,7,9,12,5,8,4,5,revived,Strength,13266,0.05,216,-1,(opening),0,0,2024-01-25T13:52:00,15000,29,1,29.066666666666666,3,57,3,2024-01-25T13:40:03,1,72cbb982-938c-4dee-a58e-78f98bf32b7d,72cbb982-938c-4dee-a58e-78f98bf32b7d,Milind Bedi,2284941,NIHO WARRIORS,216,(did not sell),-1,-1,1970-01-01T00:00:00
Richard Ledwidge,2586028,Shaktar Senseless,15,16.03,500,9249,R,rfm,1,1,1,1,Gifted (Technique),None,1,1,1,1,1,1,1,1,1,5,rested,Bowling,500,0,5252,-1,(opening),0,0,2024-01-25T14:10:00,0,16,3,16.2,15,57,3,2024-01-25T13:40:03,1,bdc0ec08-3127-47df-96bf-519f802291f7,bdc0ec08-3127-47df-96bf-519f802291f7,Richard Ledwidge,2586028,Shaktar Senseless,5252,(did not sell),-1,-1,1970-01-01T00:00:00
Hugh Coutts,2591103,Fuzzy Ducks,14,16,826,20795,R,rm,3,2,2,1,Gifted (Batting),None,4,2,1,2,2,4,3,1,3,5,rested,Fielding,785,0.05,5256,209,DurbinDolphins,0,0,2024-01-25T16:13:00,11000,16,0,16,11,57,3,2024-01-25T14:29:03,1,db4e1fab-56bb-4e1b-8ea0-6930e4f0e2be,db4e1fab-56bb-4e1b-8ea0-6930e4f0e2be,Hugh Coutts,2591103,Fuzzy Ducks,5256,Durbin Dolphins,209,11000,2024-01-25T16:13:00
Kaleem Wasan,2415201,Aqrabiyah Antlers,5,24.01,13297,51247,R,lws,5,11,6,3,Gifted (Endurance),None,3,11,3,10,6,12,3,7,7,5,energetic,Bowling,12633,0.05,1768,320,tanmay3011,0,0,2024-01-25T19:40:00,3000,24,1,24.066666666666666,11,57,3,2024-01-25T16:30:06,1,a6167b38-f5e7-4e01-9d0d-2c8fb2c1a341,a6167b38-f5e7-4e01-9d0d-2c8fb2c1a341,Kaleem Wasan,2415201,Aqrabiyah Antlers,1768,tanmay3011,320,127669,2024-01-25T19:46:00
Cormac McGuiness,2374222,A Shift Old Boys,15,25.11,7801,52181,L,rfs,3,10,3,2,Gifted (Bowling),Old Ball Bowler,1,10,2,10,8,10,9,4,2,5,rested,Bowling,7411,0.05,5754,2104,KarachiOsmani,0,0,2024-01-26T07:35:00,2000,25,11,25.733333333333334,14,57,3,2024-01-26T05:38:06,1,0640ce25-83a7-45b7-b42e-6faa59094574,0640ce25-83a7-45b7-b42e-6faa59094574,Cormac McGuiness,2374222,A Shift Old Boys,5754,Karachi Osmani,2104,2000,2024-01-26T07:35:00
Dipesh Bhagaria,2588922,SAMS11,3,16.02,847,25255,R,rm,3,3,3,2,New Ball Bowler,None,3,3,3,5,2,3,4,1,5,5,rested,Bowling Technique,847,0,4427,-1,(opening),0,0,2024-01-26T10:33:00,100000,16,2,16.133333333333333,3,57,3,2024-01-26T09:17:06,1,9784f844-1674-4b12-9867-dd41def0c7f0,9784f844-1674-4b12-9867-dd41def0c7f0,Dipesh Bhagaria,2588922,SAMS11,4427,(did not sell),-1,-1,1970-01-01T00:00:00
Charles Emrit,2218170,SabolFokas,17,31.04,22637,50595,R,lws,12,1,2,2,Sturdy,Accumulator,13,0,1,2,13,11,7,12,6,5,passable,Fitness,21506,0.05,4502,-1,(opening),0,0,2024-01-26T13:48:00,0,31,4,31.266666666666666,6,57,3,2024-01-26T11:19:06,1,b98b2754-e77b-4d02-b265-14aa8556411d,b98b2754-e77b-4d02-b265-14aa8556411d,Charles Emrit,2218170,SabolFokas,4502,(did not sell),-1,-1,1970-01-01T00:00:00
Dr Wayne Wenowdis,2285265,Blobs of Metal,14,29,22116,70417,R,lfm,11,12,12,3,Boundary Hitter,Prodigy,9,12,2,10,10,12,13,12,3,5,rested,Bowling,21453,0.03,1632,-1,(opening),1,0,2024-01-26T16:55:00,1000000,29,0,29,11,57,3,2024-01-26T16:24:06,1,6a564ff0-f030-4a61-99e1-9477e4e1be57,6a564ff0-f030-4a61-99e1-9477e4e1be57,Dr Wayne Wenowdis,2285265,Blobs of Metal,1632,(did not sell),-1,-1,1970-01-01T00:00:00
Kirby Julian,2484258,Inglewood 4th Grade social,4,20.14,3630,31656,R,rfs,3,7,4,1,Doosra,Gifted (Power),2,9,0,5,3,7,2,3,2,5,rested,Fielding,3376,0.07,6018,-1,(opening),0,0,2024-01-27T00:22:00,0,20,14,20.933333333333334,4,57,3,2024-01-27T00:10:06,1,978f5676-ad24-4462-b594-528d18e527a8,978f5676-ad24-4462-b594-528d18e527a8,Kirby Julian,2484258,Inglewood 4th Grade social,6018,(did not sell),-1,-1,1970-01-01T00:00:00
Varun Sainsbury,2480429,Gloster Gladiators,2,21.01,7429,41405,R,rm,3,9,4,3,Yorker,Safe Hands,1,10,2,6,5,11,3,6,7,5,rested,Bowling,7429,0,721,5064,MiddlesexGurus,0,0,2024-01-27T00:53:00,2000,21,1,21.066666666666666,18,57,3,2024-01-27T00:10:06,1,79631c78-d600-403f-b891-4026b5bf05b0,79631c78-d600-403f-b891-4026b5bf05b0,Varun Sainsbury,2480429,Gloster Gladiators,721,Middlesex Gurus,5064,2000,2024-01-27T00:53:00
Naoise Molony,2490288,Albino Lion Cubs,15,20.1,5296,44566,R,rws,8,3,4,8,Skilled (Keeping),None,9,2,9,6,5,8,2,5,3,5,rested,Batting Technique,5296,0,1254,2092,LegendSuperChickenSamurai,0,0,2024-01-27T09:19:00,50000,20,1,20.066666666666666,8,57,3,2024-01-27T09:14:06,1,c755afea-fb76-4cbe-a98b-be3e7aa56343,c755afea-fb76-4cbe-a98b-be3e7aa56343,Naoise Molony,2490288,Albino Lion Cubs,1254,Legend Super Chicken Samurai,2092,50000,2024-01-27T09:19:00
Basil Pavy,2574408,SAMIXI,2,24.11,2961,35379,R,rfm,2,6,2,1,New Ball Bowler,None,0,7,1,8,5,7,3,3,6,5,rested,Fielding,2813,0.05,6307,-1,(opening),0,0,2024-01-27T16:46:00,0,24,11,24.733333333333334,10,57,3,2024-01-27T13:59:06,1,5c8b5154-bd12-4caf-b595-da72ac5d59da,5c8b5154-bd12-4caf-b595-da72ac5d59da,Basil Pavy,2574408,SAMIXI,6307,(did not sell),-1,-1,1970-01-01T00:00:00
Boomer McIlroy,2442548,East kookaburras,1,22.14,8558,34559,R,rfm,2,8,3,0,Gifted (Bowling),None,1,11,0,6,4,8,1,4,5,5,rested,Strength,8387,0.02,1317,-1,(opening),0,0,2024-01-28T05:00:00,2000,22,14,22.933333333333334,1,57,3,2024-01-27T21:43:38,1,36ceb1a8-e196-4458-852f-426fc7b2d38d,36ceb1a8-e196-4458-852f-426fc7b2d38d,Boomer McIlroy,2442548,East kookaburras,1317,(did not sell),-1,-1,1970-01-01T00:00:00
Elija arap Chesoni,2582295,Stunning Stars,13,16.06,934,24711,L,lfm,4,2,2,2,Skilled (Power),None,4,2,3,2,3,3,4,2,1,5,revived,Fielding,888,0.05,198,-1,(opening),0,0,2024-01-28T09:16:00,10000,16,6,16.4,14,57,3,2024-01-28T02:33:21,1,4c70e856-40ab-4265-bcf8-5eedfc83dde8,4c70e856-40ab-4265-bcf8-5eedfc83dde8,Elija arap Chesoni,2582295,Stunning Stars,198,(did not sell),-1,-1,1970-01-01T00:00:00
Marven Clarke,2483165,Schweddy Balls,17,21,11090,54373,R,rm,10,2,2,11,Prodigy,Yorker,10,1,11,10,5,11,4,6,1,6,rested,Keeper-Batsman,10314,0.07,160,76,LostLegacy,0,0,2024-01-28T11:42:00,35913,21,0,21,14,57,3,2024-01-28T09:31:06,1,f1dc365c-9aea-4232-8be1-ee8a13e3c1b4,f1dc365c-9aea-4232-8be1-ee8a13e3c1b4,Marven Clarke,2483165,Schweddy Balls,160,It Hurts When IP,2226,53055,2024-01-28T11:42:00
Ahmad Ghafur,2533579,Centre For Homeless Players,16,18.1,3031,38180,L,rfm,7,3,4,3,Prodigy,None,8,3,3,5,6,7,2,4,6,5,rested,Batting,2850,0.06,1424,3027,Unicorns,0,0,2024-01-28T12:06:00,329033,18,1,18.066666666666666,12,57,3,2024-01-28T11:54:05,1,01ea0ad0-8132-49ea-971d-94ce0f773a54,01ea0ad0-8132-49ea-971d-94ce0f773a54,Ahmad Ghafur,2533579,Centre For Homeless Players,1424,Unicorns,1549,362758,2024-01-28T12:09:00
Samir Shakil,2311557,Henley Cricket Club,9,28.01,16467,56500,R,rm,12,2,3,2,Gifted (Bowling),Natural Leader,12,1,1,10,9,11,9,10,3,6,moderate,Batting,15973,0.03,3835,623,ANDREWSYMONDSXI,0,0,2024-01-28T14:51:00,3000,28,1,28.066666666666666,2,57,3,2024-01-28T14:06:07,1,536a5d55-93c5-4e72-ac53-eb60bf239162,536a5d55-93c5-4e72-ac53-eb60bf239162,Samir Shakil,2311557,Henley Cricket Club,3835,ANDREW SYMONDS XI,623,3000,2024-01-28T14:51:00
Brent Chancellor,2590430,Realism Ravens,4,16,989,24275,R,rm,3,3,3,1,Slower Ball,Prodigy,2,4,1,4,3,5,2,1,1,5,rested,Fielding,940,0.05,411,-1,(opening),0,0,2024-01-28T20:29:00,300000,16,0,16,4,57,3,2024-01-28T18:46:05,1,791ceb5f-e2f0-4a79-8cdb-b0d44106ff50,791ceb5f-e2f0-4a79-8cdb-b0d44106ff50,Brent Chancellor,2590430,Realism Ravens,411,(did not sell),-1,-1,1970-01-01T00:00:00
Dirty Olle,2588853,KingsXI,1,26.03,2295,35190,L,rm,4,6,5,2,Gifted (Keeping),None,3,6,2,6,5,7,3,4,6,5,rested,Bowling Technique,2295,0,2336,-1,(opening),0,0,2024-01-29T14:07:00,0,26,3,26.2,3,57,4,2024-01-29T10:15:06,0,297eb185-f377-441a-b734-158e50e35e10,297eb185-f377-441a-b734-158e50e35e10,Dirty Olle,2588853,KingsXI,2336,(did not sell),-1,-1,1970-01-01T00:00:00
Reagan Cummings,2575973,CPS Vandals,11,16.11,954,28128,L,rm,3,2,3,4,Gifted (Fielding),None,4,2,4,4,4,3,3,2,7,5,rested,Batting Technique,907,0.05,408,2097,DorothyDix,0,0,2024-01-29T23:45:00,1000,16,11,16.733333333333334,4,57,4,2024-01-29T20:55:06,0,1f0d433e-a2d2-4be5-b078-9392acd67a58,1f0d433e-a2d2-4be5-b078-9392acd67a58,Reagan Cummings,2575973,CPS Vandals,408,Dorothy Dix,2097,1000,2024-01-29T23:45:00
Mervyn Davis,2401149,Centre For Homeless Players,7,24.1,17075,61503,R,rws,11,5,6,11,Skilled (Technique),Gifted (Keeping),11,3,12,10,7,11,4,11,5,5,satisfactory,Fielding,15539,0.09,1424,1515,GullyBoysCC,0,0,2024-01-30T06:41:00,9000,24,1,24.066666666666666,12,57,4,2024-01-30T06:38:06,0,3b4a9fc9-0e19-4402-ab25-28c4b30ec074,3b4a9fc9-0e19-4402-ab25-28c4b30ec074,Mervyn Davis,2401149,Centre For Homeless Players,1424,Gully Boys CC,1515,9000,2024-01-30T06:41:00
Hencus Pictet,2482874,Aardonwaki XI,10,21.01,4077,46178,R,rws,7,2,3,7,Safe Hands,None,7,2,8,7,8,8,3,4,7,5,rested,Batting Technique,4077,0,6201,1060,Geometric,0,0,2024-01-30T07:45:00,1000,21,1,21.066666666666666,10,57,4,2024-01-30T06:38:06,0,20cff41b-027c-4157-a3b8-e9fe54ae0f52,20cff41b-027c-4157-a3b8-e9fe54ae0f52,Hencus Pictet,2482874,Aardonwaki XI,6201,Geometric,1060,1000,2024-01-30T07:45:00
Zafar Ma'mun,2458857,Gojra Gators,16,22.04,7847,43405,R,lm,3,8,4,2,Gifted (Technique),None,2,10,2,8,5,10,4,3,2,5,rested,Bowling,7455,0.05,3799,-1,(opening),0,0,2024-01-30T16:53:00,2000,22,4,22.266666666666666,5,57,4,2024-01-30T06:38:06,0,813f0946-fe1a-48b4-bf35-caeeeb746734,813f0946-fe1a-48b4-bf35-caeeeb746734,Zafar Ma'mun,2458857,Gojra Gators,3799,Torquay Tigers,4285,2000,2024-01-30T16:53:00
Deano Glynn,2504960,TheChosenOne,1,21.01,2598,28127,R,lfm,3,6,4,1,Gifted (Endurance),Skilled (Batting),2,8,1,2,3,7,2,2,4,5,rested,Bowling,2469,0.05,4184,-1,(opening),0,0,2024-01-30T18:24:00,0,21,1,21.066666666666666,3,57,4,2024-01-30T06:38:06,0,e9c19149-7563-4b70-8533-de6d1c92ecdf,e9c19149-7563-4b70-8533-de6d1c92ecdf,Deano Glynn,2504960,TheChosenOne,4184,(did not sell),-1,-1,1970-01-01T00:00:00
Rajavarothiam Wijekoon,2479567,Inchigeela Angels,8,21.04,6043,46563,R,rfm,7,2,2,8,Spin Specialist,None,7,1,11,7,4,9,4,2,3,5,rested,Keeper-Batsman,5741,0.05,5004,-1,(opening),0,0,2024-01-30T18:27:00,0,21,4,21.266666666666666,2,57,4,2024-01-30T18:22:06,0,27f27ab0-5143-41ad-bf19-09f9404cf3e3,27f27ab0-5143-41ad-bf19-09f9404cf3e3,Rajavarothiam Wijekoon,2479567,Inchigeela Angels,5004,(did not sell),-1,-1,1970-01-01T00:00:00
Harry George,2529232,Bathaloner,2,18.14,1292,28663,L,rws,3,4,4,0,Finisher,Flipper,4,5,0,5,5,5,1,1,1,5,rested,Bowling,1215,0.06,609,3158,RockstarGangs,0,0,2024-01-31T13:58:00,4500,18,14,18.933333333333334,2,57,4,2024-01-31T11:50:06,1,09aa2566-b32c-4baf-ad8f-06a4b3b51df8,09aa2566-b32c-4baf-ad8f-06a4b3b51df8,Harry George,2529232,Bathaloner,609,Rockstar Gangs,3158,4500,2024-01-31T13:58:00
Kevin Townsend,2591069,Vegas Venoms,15,16.01,732,20240,R,rfm,1,2,2,2,Gifted (Power),Skilled (Keeping),1,4,2,4,2,2,2,1,4,5,rested,Fielding,696,0.05,3338,4510,HandfordCC,0,0,2024-01-31T16:58:00,1000,16,1,16.066666666666666,15,57,4,2024-01-31T15:15:06,1,8c33c3c1-bfdd-429c-8462-102e8061f847,8c33c3c1-bfdd-429c-8462-102e8061f847,Kevin Townsend,2591069,Vegas Venoms,3338,Handford CC,4510,1000,2024-01-31T16:58:00
David Beasmonie,2256960,Brigand Reds,17,30,16895,58801,R,rm,11,4,5,6,Safe Hands,None,12,3,5,7,9,12,8,8,8,5,revived,Batting,16051,0.05,3618,-1,(opening),0,0,2024-01-31T20:48:00,0,30,0,30,18,57,4,2024-01-31T15:15:06,1,f54a327e-0645-4813-887e-9f74d4e907fd,f54a327e-0645-4813-887e-9f74d4e907fd,David Beasmonie,2256960,Brigand Reds,3618,Imposters,2183,1000,2024-01-31T20:48:00
Cameron Thomson,2313390,Joker League Of Anarchy,1,28.01,18481,71441,R,lfs,13,3,3,12,Skilled (Batting),None,11,1,12,10,10,12,12,10,4,6,rested,Keeper-Batsman,17557,0.05,1840,1707,CrestfallenSidekicks,0,0,2024-02-01T01:26:00,3000,28,1,28.066666666666666,18,57,4,2024-01-31T23:20:06,1,4f0b77d5-fe21-407c-afe2-2358ea45d776,4f0b77d5-fe21-407c-afe2-2358ea45d776,Cameron Thomson,2313390,Joker League Of Anarchy,1840,Ashburn CC,993,127669,2024-02-01T01:29:00
Junaed Bashar,2585689,United Bengal Warriors,9,23.05,2858,39336,R,lm,6,6,6,2,Accumulator,None,5,6,2,6,6,8,3,4,5,6,rested,All-rounder,2716,0.05,278,-1,(opening),0,0,2024-02-01T03:56:00,0,23,5,23.333333333333332,9,57,4,2024-02-01T02:21:06,1,0448eeae-ab76-45b4-b98f-6994d7951a4f,0448eeae-ab76-45b4-b98f-6994d7951a4f,Junaed Bashar,2585689,United Bengal Warriors,278,(did not sell),-1,-1,1970-01-01T00:00:00
Gregory DaCosta,2351720,IMPHAL SWASHBUCKLERS CC,17,26.09,15787,57094,R,rfs,10,2,2,10,Prodigy,None,11,1,10,12,7,11,2,9,7,4,satisfactory,Batting,14209,0.1,4361,-1,(opening),0,0,2024-02-01T04:00:00,0,26,9,26.6,3,57,4,2024-02-01T02:21:06,1,f28fc09e-19ef-4fb0-bce8-3a5962d83f82,f28fc09e-19ef-4fb0-bce8-3a5962d83f82,Gregory DaCosta,2351720,IMPHAL SWASHBUCKLERS CC,4361,(did not sell),-1,-1,1970-01-01T00:00:00
Kumara Wattegedara,2561940,Sherlocks XI,8,17.07,917,26171,R,lm,3,2,3,2,Opener,None,4,3,2,4,4,4,3,1,3,5,rested,Strength,917,0,1775,6207,KellysHeroes,0,0,2024-02-01T06:32:00,1000,17,7,17.466666666666665,3,57,4,2024-02-01T05:50:06,1,7817aaad-ce3f-4dde-adc1-c18b3932f7dc,7817aaad-ce3f-4dde-adc1-c18b3932f7dc,Kumara Wattegedara,2561940,Sherlocks XI,1775,marvels harare  ,934,2000,2024-02-01T06:32:00
Adam Finlason,2179345,Record Smashers,6,32.12,13439,59150,R,lm,11,2,3,3,Opener,Gifted (Endurance),11,1,2,11,10,10,9,11,3,5,revived,Batting,13036,0.03,4289,-1,(opening),0,0,2024-02-01T07:27:00,0,32,12,32.8,3,57,4,2024-02-01T05:50:06,1,cdf0a302-4a10-4a25-800e-b201c2b3b98c,cdf0a302-4a10-4a25-800e-b201c2b3b98c,Adam Finlason,2179345,Record Smashers,4289,(did not sell),-1,-1,1970-01-01T00:00:00
Heino de Bruin,2217652,HermDogs,6,31.05,20565,45887,R,rfm,3,10,4,1,Gifted (Fielding),None,1,13,1,7,9,9,2,13,4,5,revived,Rest,18098,0.12,5215,1808,Chittagong,0,0,2024-02-01T07:30:00,1000,31,5,31.333333333333332,6,57,4,2024-02-01T07:28:06,1,b3e85c4c-ddf5-4976-9e90-94fcfa80adce,b3e85c4c-ddf5-4976-9e90-94fcfa80adce,Heino de Bruin,2217652,HermDogs,5215,Chittagong,1808,1000,2024-02-01T07:30:00
Mosi Mac Orwa,2514848,Blue & Gold,13,19.09,5203,38341,R,rm,3,8,4,2,Gifted (Bowling),None,2,10,2,7,5,9,2,4,6,5,rested,Fielding,4943,0.05,4039,1254,AlbinoLionCubs,0,0,2024-02-01T07:36:00,375000,19,9,19.6,8,57,4,2024-02-01T07:28:06,1,f9346479-32a2-48c5-b7a5-794f56482a1c,f9346479-32a2-48c5-b7a5-794f56482a1c,Mosi Mac Orwa,2514848,Blue & Gold,4039,Albino Lion Cubs,1254,375000,2024-02-01T07:36:00
Waylon Bandy,2592540,The Mountain Goats,6,16,727,18058,L,rm,2,1,1,1,Opener,None,4,1,2,3,1,2,1,0,0,5,rested,Bowling,691,0.05,3046,-1,(opening),0,0,2024-02-01T08:35:00,0,16,0,16,8,57,4,2024-02-01T08:28:03,1,694faaff-a47b-48c2-8fe2-d9cdb56bc1fe,694faaff-a47b-48c2-8fe2-d9cdb56bc1fe,Waylon Bandy,2592540,The Mountain Goats,3046,(did not sell),-1,-1,1970-01-01T00:00:00
Moin Sutaria,2589534,Old Chelmsfordians,3,16.02,706,23996,R,lfm,2,3,2,2,Opener,None,2,3,2,4,3,2,4,2,3,5,rested,Bowling,671,0.05,4683,4510,HandfordCC,0,0,2024-02-01T10:32:00,1000,16,2,16.133333333333333,10,57,4,2024-02-01T10:18:04,1,f2b13033-d6b1-4ba8-a4f3-f2e39b7a38ec,f2b13033-d6b1-4ba8-a4f3-f2e39b7a38ec,Moin Sutaria,2589534,Old Chelmsfordians,4683,Handford CC,4510,1000,2024-02-01T10:32:00
Jake Patterson,2592636,mlmotplgc2,12,16,928,24014,R,lfm,3,3,3,2,Gifted (Batting),None,3,3,2,2,2,4,4,2,5,5,rested,Rest,882,0.05,2238,4732,TheExiles,0,0,2024-02-01T10:52:00,5000,16,0,16,2,57,4,2024-02-01T10:18:04,1,d99fbf68-8159-4c61-a9f3-e14b010e8a63,d99fbf68-8159-4c61-a9f3-e14b010e8a63,Jake Patterson,2592636,mlmotplgc2,2238,The Exiles,4732,21000,2024-02-01T10:52:00
Dennis Williams,2582278,SAMS11,7,16.07,890,26552,R,rfs,3,2,3,3,Skilled (Batting),Sturdy,4,2,4,4,3,3,2,1,6,5,rested,Fielding,890,0,4427,3616,Deadboy,0,0,2024-02-01T10:55:00,1000,16,7,16.466666666666665,3,57,4,2024-02-01T10:18:04,1,60c58781-ec14-4b77-aedf-42eba3824440,60c58781-ec14-4b77-aedf-42eba3824440,Dennis Williams,2582278,SAMS11,4427,Cardiff Cosmos,4875,2000,2024-02-01T10:55:00
Lance Dixon,2360543,Muggles Cricket Club,17,26.04,16893,53560,R,lfs,6,12,7,3,Skilled (Bowling),None,3,13,3,6,10,10,6,8,4,5,weary,Bowling,16049,0.05,4982,-1,(opening),0,0,2024-02-01T11:00:00,0,26,4,26.266666666666666,15,57,4,2024-02-01T10:18:04,1,09b1f3b7-0e12-48d3-9ef7-97aeec689a3e,09b1f3b7-0e12-48d3-9ef7-97aeec689a3e,Lance Dixon,2360543,Muggles Cricket Club,4982,(did not sell),-1,-1,1970-01-01T00:00:00
